{
  "DDPG": {
    "gamma_deg": -16.28343611955643,
    "omega_deg": -10.023587420582771,
    "adr_mbps": 35.19464386925613,
    "train_s": 15.6
  },
  "SAC": {
    "gamma_deg": -16.474401354789734,
    "omega_deg": -9.950212910771365,
    "adr_mbps": 35.176208154202996,
    "train_s": 23.7
  },
  "PPO": {
    "gamma_deg": -9.67876195907593,
    "omega_deg": -10.096066743135456,
    "adr_mbps": 13.854933287803572,
    "train_s": 3.5
  },
  "CAPG": {
    "gamma_deg": -18.116227090358727,
    "omega_deg": -9.883137568831437,
    "adr_mbps": 33.297565177172544,
    "train_s": 7.6
  },
  "ECDPO": {
    "gamma_deg": -16.425813138484955,
    "omega_deg": -10.29007695615292,
    "adr_mbps": 35.12366927610474,
    "train_s": 14.5
  },
  "Analytic optimum": {
    "gamma_deg": -16.273310745025775,
    "omega_deg": -9.93817375387032,
    "adr_mbps": 35.198620481559416
  }
}
