{
  "DDPG": {
    "gamma_deg": 16.54147401452065,
    "omega_deg": -7.823011279106136,
    "mean_adr_mbps": 36.93776707785584,
    "adr_k_mbps": [
      8.781318156963952e-13,
      48.768139239319204,
      62.04516199424744
    ],
    "aoi_k": [
      4.5,
      1.500095538135706,
      1.5
    ],
    "aoi_max": 4.5,
    "train_s": 19.1
  },
  "SAC": {
    "gamma_deg": 16.874282509088516,
    "omega_deg": -8.826653659343725,
    "mean_adr_mbps": 37.111704323871706,
    "adr_k_mbps": [
      2.35680359121e-13,
      48.64161456222434,
      62.69349840939055
    ],
    "aoi_k": [
      4.5,
      1.5001578008305234,
      1.5
    ],
    "aoi_max": 4.5,
    "train_s": 31.2
  },
  "PPO": {
    "gamma_deg": 6.7787756770849175,
    "omega_deg": -8.715648427605625,
    "mean_adr_mbps": 22.32926158131503,
    "adr_k_mbps": [
      0.00019421596557143463,
      62.0344391973102,
      4.953151330669319
    ],
    "aoi_k": [
      4.5,
      1.5,
      4.5
    ],
    "aoi_max": 4.5,
    "train_s": 4.8
  },
  "CAPG": {
    "gamma_deg": 8.29707764089108,
    "omega_deg": -7.481667324900626,
    "mean_adr_mbps": 25.094560002932127,
    "adr_k_mbps": [
      2.4792398850857858e-05,
      62.50513740812343,
      12.778517808274099
    ],
    "aoi_k": [
      4.5,
      1.5,
      4.499999999995541
    ],
    "aoi_max": 4.5,
    "train_s": 10.2
  },
  "ECDPO": {
    "gamma_deg": 16.92062705755234,
    "omega_deg": -8.36570598185063,
    "mean_adr_mbps": 37.063487216967815,
    "adr_k_mbps": [
      2.4892118867010144e-13,
      47.9192302127521,
      63.27123143815109
    ],
    "aoi_k": [
      4.5,
      1.5021140335403544,
      1.5
    ],
    "aoi_max": 4.5,
    "train_s": 18.8
  },
  "Grid reference": {
    "gamma_deg": 16.54163376389534,
    "omega_deg": -8.77081688194767,
    "mean_adr_mbps": 37.122225919823265,
    "adr_k_mbps": [
      6.187802703298837e-13,
      50.00670203047311,
      61.359975728996076
    ],
    "aoi_k": [
      4.5,
      1.5000003380982496,
      1.5
    ]
  },
  "ECDPO-AoI": {
    "gamma_deg": 2.4854108132422,
    "omega_deg": -10.334058478474615,
    "mean_adr_mbps": 39.79094545605431,
    "adr_k_mbps": [
      26.329332458430013,
      60.1648788096182,
      32.8786251001147
    ],
    "aoi_k": [
      1.5,
      1.5,
      1.5
    ],
    "aoi_max": 1.5
  },
  "AoI grid reference": {
    "gamma_deg": -3.0000000000000044,
    "omega_deg": -9.0,
    "aoi_max": 1.5
  }
}
